encounter_id,patient_id,doctor_id,encounter_date,arrival_time,department_name,wait_time_minutes,treatment_duration_minutes,satisfaction_score
1001,P104,D08,2026-01-05,08:15,General Medicine,18,35,4
1002,P210,D02,2026-01-05,09:40,Emergency,42,65,3
1003,P115,D14,2026-01-05,10:05,Pediatrics,25,20,5
1004,P302,D05,2026-01-05,11:15,General Medicine,38,40,2
1005,P189,D11,2026-01-05,11:50,Cardiology,15,45,5
1006,P412,D02,2026-01-05,12:20,Emergency,55,80,2
1007,P220,D07,2026-01-05,14:10,Orthopedics,20,30,4
1008,P108,D14,2026-01-05,17:45,Pediatrics,12,25,5
1009,P501,D02,2026-01-05,18:30,Emergency,35,70,3
1010,P334,D08,2026-01-05,19:15,General Medicine,32,30,3
1011,P142,D08,2026-02-02,08:30,General Medicine,14,28,5
1012,P255,D02,2026-02-02,09:15,Emergency,48,75,2
1013,P119,D14,2026-02-02,10:20,Pediatrics,18,22,4
1014,P389,D05,2026-02-02,11:05,General Medicine,34,35,3
1015,P290,D11,2026-02-02,11:45,Cardiology,22,50,4
1016,P451,D02,2026-02-02,12:40,Emergency,62,90,1
1017,P231,D07,2026-02-02,14:30,Orthopedics,15,35,5
1018,P165,D14,2026-02-02,16:50,Pediatrics,10,20,5
1019,P522,D02,2026-02-02,18:10,Emergency,40,60,3
1020,P367,D08,2026-02-02,19:00,General Medicine,28,32,4
1021,P178,D08,2026-03-01,08:45,General Medicine,16,30,4
1022,P288,D02,2026-03-01,09:50,Emergency,50,85,2
1023,P134,D14,2026-03-01,10:15,Pediatrics,15,25,5
1024,P401,D05,2026-03-01,11:30,General Medicine,36,40,3
1025,P312,D11,2026-03-01,12:00,Cardiology,18,40,4
1026,P490,D02,2026-03-01,12:55,Emergency,58,95,2
1027,P260,D07,2026-03-01,15:00,Orthopedics,22,30,4
1028,P180,D14,2026-03-01,17:20,Pediatrics,14,18,5
1029,P540,D02,2026-03-01,18:40,Emergency,45,65,3
1030,P399,D08,2026-03-01,19:30,General Medicine,31,28,3
